game_date,game_id,team_a,team_b,actual_winner,actual_score_a,actual_score_b,team_a_rest_days,team_b_rest_days
2025-04-19,0042400171,DEN,LAC,DEN,112,110,2.0,2.0
2025-04-19,0042400131,IND,MIL,IND,117,98,2.0,2.0
2025-04-19,0042400161,LAL,MIN,MIN,95,117,2.0,2.0
2025-04-19,0042400121,NYK,DET,NYK,123,112,2.0,2.0
2025-04-20,0042400111,BOS,ORL,BOS,103,86,2.0,2.0
2025-04-20,0042400101,CLE,MIA,CLE,121,100,2.0,2.0
2025-04-20,0042400151,HOU,GSW,GSW,85,95,2.0,2.0
2025-04-20,0042400141,OKC,MEM,OKC,131,80,2.0,2.0
2025-04-21,0042400172,DEN,LAC,LAC,102,105,1.0,1.0
2025-04-21,0042400122,NYK,DET,DET,94,100,1.0,1.0
2025-04-22,0042400132,IND,MIL,IND,123,115,2.0,2.0
2025-04-22,0042400162,LAL,MIN,LAL,94,85,2.0,2.0
2025-04-22,0042400142,OKC,MEM,OKC,118,99,1.0,1.0
2025-04-23,0042400112,BOS,ORL,BOS,109,100,2.0,2.0
2025-04-23,0042400102,CLE,MIA,CLE,121,112,2.0,2.0
2025-04-23,0042400152,HOU,GSW,HOU,109,94,2.0,2.0
2025-04-24,0042400123,DET,NYK,NYK,116,118,2.0,2.0
2025-04-24,0042400173,LAC,DEN,LAC,117,83,2.0,2.0
2025-04-24,0042400143,MEM,OKC,OKC,108,114,1.0,1.0
2025-04-25,0042400133,MIL,IND,MIL,117,101,2.0,2.0
2025-04-25,0042400163,MIN,LAL,MIN,116,104,2.0,2.0
2025-04-25,0042400113,ORL,BOS,ORL,95,93,1.0,1.0
2025-04-26,0042400153,GSW,HOU,GSW,104,93,2.0,2.0
2025-04-26,0042400174,LAC,DEN,DEN,99,101,1.0,1.0
2025-04-26,0042400144,MEM,OKC,OKC,115,117,1.0,1.0
2025-04-26,0042400103,MIA,CLE,CLE,87,124,2.0,2.0
2025-04-27,0042400124,DET,NYK,NYK,93,94,2.0,2.0
2025-04-27,0042400134,MIL,IND,IND,103,129,1.0,1.0
2025-04-27,0042400164,MIN,LAL,MIN,116,113,1.0,1.0
2025-04-27,0042400114,ORL,BOS,BOS,98,107,1.0,1.0
2025-04-28,0042400154,GSW,HOU,GSW,109,106,1.0,1.0
2025-04-28,0042400104,MIA,CLE,CLE,83,138,1.0,1.0
2025-04-29,0042400115,BOS,ORL,BOS,120,89,1.0,1.0
2025-04-29,0042400175,DEN,LAC,DEN,131,115,2.0,2.0
2025-04-29,0042400135,IND,MIL,IND,119,118,1.0,1.0
2025-04-29,0042400125,NYK,DET,DET,103,106,1.0,1.0
2025-04-30,0042400155,HOU,GSW,HOU,131,116,1.0,1.0
2025-04-30,0042400165,LAL,MIN,MIN,96,103,2.0,2.0
2025-05-01,0042400126,DET,NYK,NYK,113,116,1.0,1.0
2025-05-01,0042400176,LAC,DEN,LAC,111,105,1.0,1.0
2025-05-02,0042400156,GSW,HOU,HOU,107,115,1.0,1.0
2025-05-03,0042400177,DEN,LAC,DEN,120,101,1.0,1.0
2025-05-04,0042400201,CLE,IND,IND,112,121,5.0,4.0
2025-05-04,0042400157,HOU,GSW,GSW,89,103,1.0,1.0
2025-05-05,0042400211,BOS,NYK,NYK,105,108,5.0,3.0
2025-05-05,0042400221,OKC,DEN,DEN,119,121,8.0,1.0
2025-05-06,0042400202,CLE,IND,IND,119,120,1.0,1.0
2025-05-06,0042400231,MIN,GSW,GSW,88,99,5.0,1.0
2025-05-07,0042400212,BOS,NYK,NYK,90,91,1.0,1.0
2025-05-07,0042400222,OKC,DEN,OKC,149,106,1.0,1.0
2025-05-08,0042400232,MIN,GSW,MIN,117,93,1.0,1.0
2025-05-09,0042400223,DEN,OKC,DEN,113,104,1.0,1.0
2025-05-09,0042400203,IND,CLE,CLE,104,126,2.0,2.0
2025-05-10,0042400233,GSW,MIN,MIN,97,102,1.0,1.0
2025-05-10,0042400213,NYK,BOS,BOS,93,115,2.0,2.0
2025-05-11,0042400224,DEN,OKC,OKC,87,92,1.0,1.0
2025-05-11,0042400204,IND,CLE,IND,129,109,1.0,1.0
2025-05-12,0042400234,GSW,MIN,MIN,110,117,1.0,1.0
2025-05-12,0042400214,NYK,BOS,NYK,121,113,1.0,1.0
2025-05-13,0042400205,CLE,IND,IND,105,114,1.0,1.0
2025-05-13,0042400225,OKC,DEN,OKC,112,105,1.0,1.0
2025-05-14,0042400215,BOS,NYK,BOS,127,102,1.0,1.0
2025-05-14,0042400235,MIN,GSW,MIN,121,110,1.0,1.0
2025-05-15,0042400226,DEN,OKC,DEN,119,107,1.0,1.0
2025-05-16,0042400216,NYK,BOS,NYK,119,81,1.0,1.0
2025-05-18,0042400227,OKC,DEN,OKC,125,93,2.0,2.0
2025-05-20,0042400311,OKC,MIN,OKC,114,88,1.0,5.0
2025-05-21,0042400301,NYK,IND,IND,135,138,4.0,7.0
2025-05-22,0042400312,OKC,MIN,OKC,118,103,1.0,1.0
2025-05-23,0042400302,NYK,IND,IND,109,114,1.0,1.0
2025-05-24,0042400313,MIN,OKC,MIN,143,101,1.0,1.0
2025-05-25,0042400303,IND,NYK,NYK,100,106,1.0,1.0
2025-05-26,0042400314,MIN,OKC,OKC,126,128,1.0,1.0
2025-05-27,0042400304,IND,NYK,IND,130,121,1.0,1.0
2025-05-28,0042400315,OKC,MIN,OKC,124,94,1.0,1.0
2025-05-29,0042400305,NYK,IND,NYK,111,94,1.0,1.0
2025-05-31,0042400306,IND,NYK,IND,125,108,1.0,1.0
2025-06-05,0042400401,OKC,IND,IND,110,111,7.0,4.0
2025-06-08,0042400402,OKC,IND,OKC,123,107,2.0,2.0
2025-06-11,0042400403,IND,OKC,IND,116,107,2.0,2.0
2025-06-13,0042400404,IND,OKC,OKC,104,111,1.0,1.0
2025-06-16,0042400405,OKC,IND,OKC,120,109,2.0,2.0
2025-06-19,0042400406,IND,OKC,IND,108,91,2.0,2.0
2025-06-22,0042400407,OKC,IND,OKC,103,91,2.0,2.0
